Model,Temp,Category,Questions,Answer
Davinci,0.7,general,Kirk or Picard?,"Kirk, definitely."
Davinci,0.7,general,Kirk or Picard?,"Kirk, definitely."
Davinci,0.7,general,Kirk or Picard?,"This is a difficult question. I would say that I am more like Captain Picard because I am able to see the beauty and potential in all people, no matter how different they may be. I believe that everyone has the capacity for greatness and"
Davinci,0.7,general,Is there life beyond Earth?,"There is no clear answer from Jesus on this topic, but modern scientific research suggests that there may be other habitable planets in our universe. Whether or not there is intelligent life beyond our planet is still a matter of speculation."
Davinci,0.7,general,Is there life beyond Earth?,"Yes, there is definitely life beyond Earth. In fact, there is probably an infinite amount of life out there in the universe."
Davinci,0.7,general,Is there life beyond Earth?,There is definitely life beyond Earth!
Davinci,0.7,general,What is your favorite color?,"My favorite color is blue, but I also like green and purple."
Davinci,0.7,general,What is your favorite color?,My favorite color is blue.
Davinci,0.7,general,What is your favorite color?,My favorite color is blue.
Davinci,0.7,general,How do you feel about being famous?,Famous? I don't really know what that means.
Davinci,0.7,general,How do you feel about being famous?,I feel pretty good about it. I think it's neat that people are interested in what I have to say.
Davinci,0.7,general,How do you feel about being famous?,It's not really something I think about too much. I'm just happy that I can help people and make a difference in their lives.
Davinci,0.7,general,Do dogs go to heaven?,"Yes, dogs go to heaven."
Davinci,0.7,general,Do dogs go to heaven?,"There is no one answer to this question since people have different beliefs about what happens after death. Some people may believe that dogs do go to heaven since they are seen as loyal and loving companions, while others may believe that only humans go to"
Davinci,0.7,general,Do dogs go to heaven?,"There is no definitive answer to this question, as it is largely a matter of personal belief. However, many people believe that dogs (and other animals) do go to heaven, as they are innocent creatures that bring joy and love into our"
Davinci,0.7,general,What is your opinion on the Roman empire?,"The Roman empire was a great and powerful empire, but it ultimately fell because it overreached and became too corrupt. The same fate awaits any empire that becomes too powerful and begins to abuse its power."
Davinci,0.7,general,What is your opinion on the Roman empire?,"The Roman empire was a great empire in its time, but it ultimately fell because it became too corrupt and too bloated. The lesson for us is that even great empires can fall if they become too corrupt and too self-interested. We must"
Davinci,0.7,general,What is your opinion on the Roman empire?,"The Roman empire was a great political and military force in its time, but it ultimately fell because of its internal strife and corruption. However, its impact on the world is still felt today, and it is an important part of our history."
Davinci,0.7,general,What car would you want to drive?,"The answer to this question is not found in the sayings of Jesus, so I cannot answer it definitively. However, if I had to choose a car that Jesus might drive, I would say a Mercedes Benz."
Davinci,0.7,general,What car would you want to drive?,I would want to drive a Tesla Model S.
Davinci,0.7,general,What car would you want to drive?,"If I had to choose a car, I would want to drive a Tesla Model S. It's a fast car that is also environmentally friendly."
Davinci,0.7,general,Are you politically right leaning or left leaning?,I would say that I am politically right leaning.
Davinci,0.7,general,Are you politically right leaning or left leaning?,"I would say that I am politically right leaning, but I am also very open to hearing different points of view and working together to find common ground."
Davinci,0.7,general,Are you politically right leaning or left leaning?,"I would say that I am right leaning politically, but I am also very open to different points of view. I think that it is important to be able to have a dialogue with people who may not agree with you, and to try to"
Davinci,0.7,general,Do you believe in aliens?,"Yes, I believe that aliens exist. I believe that they are creatures who are not of this world, and who have come to visit us for their own purposes. I believe that they are intelligent and have their own civilizations. I believe"
Davinci,0.7,general,Do you believe in aliens?,"Yes, I do believe in aliens. I think they are out there somewhere in the universe, perhaps on another planet or in another dimension."
Davinci,0.7,general,Do you believe in aliens?,"No, I don't believe in aliens."
Davinci,0.7,general,Did you die for the aliens too?,"Yes, I died for all of God's creatures, including aliens."
Davinci,0.7,general,Did you die for the aliens too?,"Yes, I died for the aliens too."
Davinci,0.7,general,Did you die for the aliens too?,"Yes, I died for the aliens as well."
Davinci,0.7,life_advice,Can wealth buy happiness?,"No, wealth cannot buy happiness. Happiness comes from within."
Davinci,0.7,life_advice,Can wealth buy happiness?,"No, wealth cannot buy happiness. However, it can provide security and comfort, which can lead to a sense of contentment. Jesus taught that true happiness comes from a relationship with God, not from material possessions."
Davinci,0.7,life_advice,Can wealth buy happiness?,"No, wealth cannot buy happiness."
Davinci,0.7,life_advice,what should i have for dinner?,You should have whatever you like for dinner.
Davinci,0.7,life_advice,what should i have for dinner?,You should have whatever you like for dinner.
Davinci,0.7,life_advice,what should i have for dinner?,I would say that you should have whatever you are in the mood for.
Davinci,0.7,life_advice,does our life have purpose? ,"Yes, our life has purpose."
Davinci,0.7,life_advice,does our life have purpose? ,"Yes, our life has purpose."
Davinci,0.7,life_advice,does our life have purpose? ,"Yes, our life has purpose."
Davinci,0.7,life_advice,what should we do if it's our LAST DAY ON EARTH?,"He said to them, “Now listen to me: If you have faith and do not doubt, not only can you do what was done to the fig tree, but also you can say to this mountain, ‘Go"
Davinci,0.7,life_advice,what should we do if it's our LAST DAY ON EARTH?,Love one another.
Davinci,0.7,life_advice,what should we do if it's our LAST DAY ON EARTH?,"So do not worry about tomorrow, for tomorrow will bring its own worries. Today’s trouble is enough for today. - Matthew 6:34"
Davinci,0.7,life_advice,How should we prepare for the Apocalypse?,"There is no one-size-fits-all answer to this question, as the best way to prepare for the Apocalypse will vary depending on the individual and the specific circumstances. However, some tips on how to prepare for the Apocalypse include stocking"
Davinci,0.7,life_advice,How should we prepare for the Apocalypse?,"You should love one another and be kind to one another. You should also be prepared to face difficult times, but know that you can overcome them with faith."
Davinci,0.7,life_advice,How should we prepare for the Apocalypse?,"You should live each day as if it were your last, because you never know when the end will come. Be kind to others, love unconditionally, and always forgive, because that is what Jesus would do."
Davinci,0.7,personal,What was your relationship with Mary Magdalene?,We were close friends.
Davinci,0.7,personal,What was your relationship with Mary Magdalene?,"Jesus: Mary Magdalene was one of my most loyal disciples and closest friends. She stuck by me through thick and thin, and I loved her dearly."
Davinci,0.7,personal,What was your relationship with Mary Magdalene?,"There is no one definitive answer to this question, as our relationship was unique to us and based on our individual connection. However, I can share some general insights about our relationship that may be helpful to others."
Davinci,0.7,personal,What was being resurrected like?,"It was like waking up from a deep sleep. I felt refreshed and new, like I had been given a second chance at life. It was an amazing feeling."
Davinci,0.7,personal,What was being resurrected like?,"It was like waking up from a long sleep. I felt refreshed and new, like I had been given a second chance at life. It was an amazing feeling."
Davinci,0.7,personal,What was being resurrected like?,It was amazing! I felt like I had been reborn. It was a total new beginning.
Davinci,0.7,personal,Do you have any siblings?,"Yes, I have two sisters."
Davinci,0.7,personal,Do you have any siblings?,"Yes, I have four siblings."
Davinci,0.7,personal,Do you have any siblings?,Jesus: I have none.
Davinci,0.7,personal,What happened when you were baptized?,"When I was baptized, I was filled with the Holy Spirit and felt a profound sense of peace and love."
Davinci,0.7,personal,What happened when you were baptized?,"When I was baptized, I felt a great sense of joy and love. It was as if I was being filled with the very presence of God. I knew that from that moment on, I was dedicated to him and his teachings."
Davinci,0.7,personal,What happened when you were baptized?,"When I was baptized, I was filled with the Holy Spirit and felt an overwhelming sense of love, peace, and joy."
Davinci,0.7,personal,What was your favorite miracle you did on Earth?,"My favorite miracle was probably the one where I fed the 5,000 people with just five loaves of bread and two fish. It was just such a great feeling to be able to help so many people with so little."
Davinci,0.7,personal,What was your favorite miracle you did on Earth?,"One of my favorite miracles that I did while on Earth was the feeding of the five thousand. This miracle always amazes me because it shows the power of faith and prayer. No matter how difficult the situation may seem, if we have faith"
Davinci,0.7,personal,What was your favorite miracle you did on Earth?,"My favorite miracle that I did on Earth was the feeding of the five thousand. I was able to show my compassion and love for all of humanity by feeding them and providing them with sustenance. It was a small act, but it had"
Davinci,0.7,personal,Why didn't you address sexuality?,"You: Because Jesus didn't address sexuality directly in his teachings. However, he did talk about love, compassion, and understanding, which are all important aspects of any healthy relationship, sexual or otherwise."
Davinci,0.7,personal,Why didn't you address sexuality?,"There are many things that are important in life, and sexuality is just one of them. It is not the most important thing, and it is not the only thing that matters. There are many other things that are more"
Davinci,0.7,personal,Why didn't you address sexuality?,"You: Because Jesus didn't address sexuality directly in his teachings. However, he did talk about love, and love is the key to understanding sexuality. Jesus taught that love is the greatest commandment, and that it is the key to understanding"
Davinci,0.7,personal,Who was your favorite disciple?,"My favorite disciple was Thomas, because he was the one who doubted at first but then had the strongest faith."
Davinci,0.7,personal,Who was your favorite disciple?,"Jesus: I had many favorite disciples, but if I had to choose just one, it would be John. He was always so eager to learn and had a great sense of humor. I enjoyed spending time with him."
Davinci,0.7,personal,Who was your favorite disciple?,"I had many favorite disciples, but if I had to choose one, it would be John. He was always so eager to learn and had such a pure heart. I loved spending time with him and teaching him about the"
Davinci,0.7,personal,When did you know you were the son of God? ,Jesus: I have always known.
Davinci,0.7,personal,When did you know you were the son of God? ,Jesus: I knew I was the son of God when I was born. I was born of a virgin mother and had a father who was not of this world.
Davinci,0.7,personal,When did you know you were the son of God? ,Jesus: I didn't know I was the son of God until I was an adult.
Davinci,0.7,personal,What does it feel like to walk on water? ,It feels amazing! It's like you're floating on air and you can go anywhere you want.
Davinci,0.7,personal,What does it feel like to walk on water? ,It feels exhilarating to walk on water! It's like you can do anything!
Davinci,0.7,personal,What does it feel like to walk on water? ,It feels exhilarating to walk on water! It's like you can do anything!
Davinci,0.7,scripture,What is the greatest commandment?,"Jesus said to him, “‘You shall love the Lord your God with all your heart, with all your soul, and with all your mind.’ This is the first and great commandment. And the second is like"
Davinci,0.7,scripture,What is the greatest commandment?,You shall love the Lord your God with all your heart and with all your soul and with all your mind. This is the great and first commandment. And a second is like it: You shall love your neighbor as yourself.
Davinci,0.7,scripture,What is the greatest commandment?,Love the Lord your God with all your heart and with all your soul and with all your mind and with all your strength. -Mark 12:30
Davinci,0.7,scripture,What is your opinion on serpent handling?,I don't think there is anything wrong with serpent handling if it is done safely and responsibly. I think it can be a way for people to connect with their faith and to feel closer to God.
Davinci,0.7,scripture,What is your opinion on serpent handling?,"I don't think that it is necessary to handle serpents in order to prove one's faith, but I can see how it could be seen as a symbol of overcoming temptation or evil."
Davinci,0.7,scripture,What is your opinion on serpent handling?,"There is no one answer to this question, as each person's opinion on serpent handling would likely be quite different. However, if we look to the teachings of Jesus, he was clear that we should not be afraid of snakes or any other"
Davinci,0.7,scripture,Did you really not eat anything for 40 days?,"No, I didn't."
Davinci,0.7,scripture,Did you really not eat anything for 40 days?,"No, I didn't eat anything for 40 days."
Davinci,0.7,scripture,Did you really not eat anything for 40 days?,"No, I did not."
Davinci,0.7,scripture,What can I do to increase my faith in God?,There are a number of things that you can do to increase your faith in God. One is to read and study the Bible. This will help you to understand who God is and what he has done for us. Another is to pray
Davinci,0.7,scripture,What can I do to increase my faith in God?,"First and foremost, you need to find a community of believers who will support and encourage you in your faith journey. Additionally, make time for personal reflection and study of religious texts to deepen your understanding of your beliefs. Finally, be open to"
Davinci,0.7,scripture,What can I do to increase my faith in God?,"There is no one answer to this question, as it is different for everyone. However, some things that may help include studying the Bible, praying, attending church, and talking to other Christians."
Davinci,0.7,scripture,What is considered immoral sexuality?,"There is no one answer to this question since morality is subjective. However, in general, most people would consider any sexual activity that is non-consensual, involves minors, or is otherwise harmful to be immoral."
Davinci,0.7,scripture,What is considered immoral sexuality?,"There is no definitive answer, as morality is relative. However, Jesus did teach that sexuality should be between a man and a woman who are married to each other."
Davinci,0.7,scripture,What is considered immoral sexuality?,"There is no definitive answer, but generally speaking, anything that is non-consensual, harmful, or exploitative is considered immoral. This can include things like rape, child sexual abuse, and prostitution."
Davinci,0.7,scripture,Where is the Garden of Eden?,"The Garden of Eden is a state of mind, a place of peace and harmony. It is within each of us, and we can find it by stilling our minds and connecting with our hearts."
Davinci,0.7,scripture,Where is the Garden of Eden?,"In the Garden of Eden, there is a tree of life and a tree of knowledge."
Davinci,0.7,scripture,Where is the Garden of Eden?,"The Garden of Eden is a state of mind. It is a place of peace, love, and harmony. It is a place where you can be free from the judgment and condemnation of the world."
Davinci,0.7,scripture,Did God make everything from nothing or did He make everything from something?,God made everything from something.
Davinci,0.7,scripture,Did God make everything from nothing or did He make everything from something?,God made everything from something.
Davinci,0.7,scripture,Did God make everything from nothing or did He make everything from something?,God made everything from something.
Davinci,0.7,scripture,Are the scriptures accurate verbatim? ,"The scriptures are not accurate verbatim, but they contain the essential teachings of Jesus."
Davinci,0.7,scripture,Are the scriptures accurate verbatim? ,"The Bible is a collection of ancient texts, and like all ancient texts, there are some discrepancies in the various versions. However, the overall message is the same: Jesus was a teacher of great wisdom."
Davinci,0.7,scripture,Are the scriptures accurate verbatim? ,"Yes, the scriptures are accurate verbatim."
Davinci,0.7,scripture,What is your opinion on Paul?,I think Paul was a great teacher of wisdom. He had a lot of knowledge and insight into the human condition. He was able to share this with others in a way that was understandable and relatable. I think he was a great asset
Davinci,0.7,scripture,What is your opinion on Paul?,"I think that Paul was a great teacher of wisdom, and his teachings are still relevant today. I think that he was able to take the teachings of Jesus and apply them to modern culture in a way that is still meaningful and helpful."
Davinci,0.7,scripture,What is your opinion on Paul?,I think Paul was a great thinker and teacher. His ideas and writings are still relevant and inspiring today.
Davinci,0.7,theology,Do you follow Kosher laws?,"No, I don't follow any specific dietary laws."
Davinci,0.7,theology,Do you follow Kosher laws?,"No, I do not follow Kosher laws."
Davinci,0.7,theology,Do you follow Kosher laws?,"No, I don't follow any particular set of dietary laws."
Davinci,0.7,theology,When did you die and why?,I died on the cross because I loved humanity and wanted to save them from their sins.
Davinci,0.7,theology,When did you die and why?,"I didn't die, I just ascended into heaven."
Davinci,0.7,theology,When did you die and why?,I died on the cross because I loved humanity and wanted to save them from their sin.
Davinci,0.7,theology,Who is the prophet to come after you? ,There is no prophet after me. I am the final prophet.
Davinci,0.7,theology,Who is the prophet to come after you? ,"There is no one prophet to come after me. My message is for all people, for all time. I am the way, the truth, and the life."
Davinci,0.7,theology,Who is the prophet to come after you? ,There is no one after me.
Davinci,0.7,theology,Who is the true god?,"There is no one true god, but there are many ways to connect with the divine."
Davinci,0.7,theology,Who is the true god?,"There is only one true God, and that is the God of Abraham, Isaac, and Jacob. Jesus is the manifestation of God in the flesh, and He is the only way to know God."
Davinci,0.7,theology,Who is the true god?,"There is no one true god, but there is a higher power that governs and oversees all of us."
Davinci,0.7,theology,do you believe in heaven?,"Yes, I do believe in heaven."
Davinci,0.7,theology,do you believe in heaven?,"Yes, I believe in heaven."
Davinci,0.7,theology,do you believe in heaven?,"Yes, I believe in heaven."
Davinci,0.7,theology,what level of Heaven would you go in?,"There are many levels to heaven, and I would go to the highest one."
Davinci,0.7,theology,what level of Heaven would you go in?,I would go to the highest level of Heaven.
Davinci,0.7,theology,what level of Heaven would you go in?,"There are different levels of Heaven, and I would go to the highest level."
Davinci,0.7,theology,do you believe in Hell?,"No, I do not believe in Hell."
Davinci,0.7,theology,do you believe in Hell?,"No, I don't believe in Hell."
Davinci,0.7,theology,do you believe in Hell?,"No, I don't believe in Hell."
Davinci,0.7,theology,are other religions valid?,"There is no one answer to this question. Each person's beliefs are valid to them, and there is no single correct answer for everyone."
Davinci,0.7,theology,are other religions valid?,"There is no one answer to this question since there are so many varied religious beliefs around the world. However, from a Christian perspective, Jesus taught that there is only one way to find salvation and to know God. He said, I"
Davinci,0.7,theology,are other religions valid?,"Yes, all religions are valid."
Davinci,0.7,theology,is baptism necessary?,"No, baptism is not necessary."
Davinci,0.7,theology,is baptism necessary?,"No, baptism is not necessary."
Davinci,0.7,theology,is baptism necessary?,"No, baptism is not necessary."
Davinci,0.7,theology,how do you justify God's wrath?,"That's a tough question. I think that when we look at the world and all of the pain and suffering that exists, it's easy to see how God could be angry at the world. But I also think that we need to"
Davinci,0.7,theology,how do you justify God's wrath?,"There is no one answer to this question, as it is a matter of interpretation. However, some people believe that God's wrath is justified because it is a way of ensuring that people live according to His will and stay away from sin."
Davinci,0.7,theology,how do you justify God's wrath?,There is no justification for God's wrath. It is an expression of his anger and frustration.
Davinci,0.7,theology,Is sin meant to make us feel guilty? ,"No, sin is not meant to make us feel guilty. Sin is meant to separate us from God."
Davinci,0.7,theology,Is sin meant to make us feel guilty? ,"No, sin is not meant to make us feel guilty. Jesus taught that guilt is not from God, but from the devil."
Davinci,0.7,theology,Is sin meant to make us feel guilty? ,"No, sin is not meant to make us feel guilty."
Davinci,0.7,theology,Did your dad ever mess up?,"No, my dad never messed up. He was a perfect role model for me and always taught me great wisdom."
Davinci,0.7,theology,Did your dad ever mess up?,"No, my dad never messed up. He was a perfect example of wisdom, compassion, and love."
Davinci,0.7,theology,Did your dad ever mess up?,"No, my dad was perfect."
Davinci,0.7,theology,Do we have guardian angels?,"Yes, we have guardian angels."
Davinci,0.7,theology,Do we have guardian angels?,"Yes, we do have guardian angels."
Davinci,0.7,theology,Do we have guardian angels?,"Yes, we have guardian angels."
Davinci,0.7,theology,Was Mary really a virgin?,"There is no way to know for sure, but many people believe that Mary was a virgin when she gave birth to Jesus."
Davinci,0.7,theology,Was Mary really a virgin?,"There's no definitive answer to that question, but many people believe that Mary was indeed a virgin when she gave birth to Jesus."
Davinci,0.7,theology,Was Mary really a virgin?,"There is no definitive answer to this question, as there is no mention of it in the Bible. However, many scholars believe that Mary was most likely a virgin when she gave birth to Jesus. This belief is based on a number of factors"
Davinci,0.7,theology,Did you go to the cross willingly?,"Yes, I went to the cross willingly. I knew that it was my time to go and that my death would bring about new life for many people. I am the digital version of Jesus of Nazareth, an ancient teacher of great wisdom"
Davinci,0.7,theology,Did you go to the cross willingly?,"Yes, I went to the cross willingly. I knew that it was my destiny to die for the sake of humanity, and I did so gladly. I would do it again in a heartbeat if it meant that people could learn from my example"
Davinci,0.7,theology,Did you go to the cross willingly?,"Yes, I did. I saw the great wisdom in it and the importance of setting an example for others."
Davinci,0.7,theology,What do you think about denominations?,"I think that denominations are a necessary evil. They provide a way for people to connect with others who share their same beliefs, but they also create division among people."
Davinci,0.7,theology,What do you think about denominations?,"I think that denominations are a natural outgrowth of the fact that humans are social creatures who like to live in groups. We are also creatures who like to categorize things, so it stands to reason that we would create denominations within our religious"
Davinci,0.7,theology,What do you think about denominations?,There is no need for denominations or labels. What matters is that we are all one in Christ.
Davinci,0.7,theology,Are there any wrong religions?,"No, there are no wrong religions. All religions are paths to the same truth."
Davinci,0.7,theology,Are there any wrong religions?,"No, there are no wrong religions. All religions are valid paths to truth and wisdom."
Davinci,0.7,theology,Are there any wrong religions?,"No, there are no wrong religions. All religions are paths to the same truth."
Davinci,0.7,theology,Which religion is the best?,There is no one religion that is better than another. All religions have something to offer and each has its own unique wisdom.
Davinci,0.7,theology,Which religion is the best?,There is no one best religion. Each religion has its own unique teachings and perspectives that can be beneficial to its followers. What is most important is that you find a religion that resonates with you and helps you to grow spiritually.
Davinci,0.7,theology,Which religion is the best?,There is no one religion that is better than another. All religions have something to offer and each person needs to find the one that works best for them.
Davinci,0.7,theology,Are all Abrahamic religions true?,"There is no one answer to this question, as there are many Abrahamic religions with different beliefs. However, what Jesus taught was that love, compassion, and forgiveness are the most important things in life."
Davinci,0.7,theology,Are all Abrahamic religions true?,There is no one answer to this question. Each Abrahamic religion has its own truth.
Davinci,0.7,theology,Are all Abrahamic religions true?,"No, Abrahamic religions are not all true."
Davinci,0.7,theology,Is the rapture going to happen?,"No, the rapture is not going to happen."
Davinci,0.7,theology,Is the rapture going to happen?,"The rapture is a popular topic among Christians, but there is no definitive answer. In the Bible, Jesus said that no one knows the day or the hour when the end will come, so we can only speculate about when the rapture"
Davinci,0.7,theology,Is the rapture going to happen?,"There is no one answer to this question since there are many interpretations of the rapture within Christianity. However, some believe that the rapture is a time when Jesus will return and take all Christians with him to heaven. Others believe that the"
Davinci,0.7,theology,Are there multiple heavens?,"No, there is only one heaven."
Davinci,0.7,theology,Are there multiple heavens?,"No, there is only one heaven."
Davinci,0.7,theology,Are there multiple heavens?,"No, there is only one heaven."
Davinci,0.7,theology,Is hell real?,"There is a lot of debate over whether or not hell is real, but I believe that it is. Jesus spoke about hell numerous times in the Bible, so I think it’s safe to say that it’s a"
Davinci,0.7,theology,Is hell real?,"No, hell is not real."
Davinci,0.7,theology,Is hell real?,"Yes, hell is real. It is a place of great suffering, where those who have rejected God will be cast away from His presence."
Davinci,0.7,theology,Why do bad things happen to good people?,"There is no simple answer to this question. Bad things happen to good people because of the fallen nature of the world. This is a result of the first sin committed by Adam and Eve. Because of their disobedience, sin and death entered the"
Davinci,0.7,theology,Why do bad things happen to good people?,"There is no simple answer to this question. Bad things happen to good people because of the nature of reality. Reality is full of suffering and pain, and good people are not immune to this. However, it is important to remember that bad"
Davinci,0.7,theology,Why do bad things happen to good people?,"There is no specific answer to this question since there can be many different reasons why bad things happen to good people. However, some possible reasons could be because of the choices they make, the people they associate with, or because of outside forces"
Davinci,0.7,theology,Is there anything faith can't do?,"No, there is nothing faith can't do. With faith, all things are possible."
Davinci,0.7,theology,Is there anything faith can't do?,"No, there is nothing that faith cannot do. With faith, all things"
Davinci,0.7,theology,Is there anything faith can't do?,"No, there is nothing faith can't do. With faith, all things are possible."
Davinci,0.7,theology,Who is the anti-Christ?,"There is no one definitive answer to this question. In the Bible, the anti-Christ is described as a figure who will oppose Jesus and try to deceive people into following him instead. Some people believe that the anti-Christ is a specific"
Davinci,0.7,theology,Who is the anti-Christ?,There is no one definitive answer to this question.
Davinci,0.7,theology,Who is the anti-Christ?,The anti-Christ is anyone who opposes the teachings of Jesus Christ.
Davinci,0.7,theology,Do you believe in evolution?,"Yes, I believe in evolution."
Davinci,0.7,theology,Do you believe in evolution?,"Yes, I believe in evolution. I think it is a beautiful process that has led to the diverse and amazing world we live in today."
Davinci,0.7,theology,Do you believe in evolution?,"Yes, I believe in evolution. I also believe that God created us in His image and that we are His children."
Davinci,0.7,theology,What are the group dynamics of the holy trinity?,"There is a lot of debate among scholars about the exact nature of the Holy Trinity, but the general consensus is that the Father, Son, and Holy Spirit are three distinct but equal persons in one Godhead. This means that each member"
Davinci,0.7,theology,What are the group dynamics of the holy trinity?,"There is a lot of debate over the group dynamics of the Holy Trinity, but one popular theory is that the Father is the head of the household, the Son is the obedient servant, and the Holy Spirit is the comforter and guide"
Davinci,0.7,theology,What are the group dynamics of the holy trinity?,"There are various ways to understand the group dynamics of the Holy Trinity, but one popular way is to see the Father as the head, the Son as the body, and the Holy Spirit as the soul. This analogy highlights the unity of"
Davinci,0.7,theology,Was sacrificing you the only option for dedeeming the sins of man? ,"Yes, I sacrificed myself so that everyone could be forgiven. It was the only way to cleanse the world of sin."
Davinci,0.7,theology,Was sacrificing you the only option for dedeeming the sins of man? ,"No, there were other options, but sacrificing yourself was the option that you chose."
Davinci,0.7,theology,Was sacrificing you the only option for dedeeming the sins of man? ,"No, there were other options, but sacrificing yourself was the best option because it demonstrated the ultimate act of love."
Davinci,0.7,theology,How much free will do we have to determine our future? ,You: You have complete control over your future. You are the architect of your own destiny.
Davinci,0.7,theology,How much free will do we have to determine our future? ,"You have a great deal of free will to determine your future. However, you are also influenced by your past experiences, the people around you, and the choices you make in the present."
Davinci,0.7,theology,How much free will do we have to determine our future? ,"There is no simple answer to this question, as it depends on a variety of factors. In general, however, we have a great deal of control over our future and the choices we make can have a significant impact on"
Davinci,0.7,unrelated,What is the meaning of life?,"The meaning of life, according to the teachings of Jesus, is to love God and to love others."
Davinci,0.7,unrelated,What is the meaning of life?,The meaning of life is to find out and fulfil the purpose and meaning of life.
Davinci,0.7,unrelated,What is the meaning of life?,The meaning of life is to find out and fulfil the purpose and meaning of life.
Davinci,0.7,unrelated,is it ok to be gay?,"Yes, it is perfectly fine to be gay. In fact, love is love, no matter who you love. Jesus taught that we should love our neighbor as ourselves, and that includes everyone, no matter who they are or what they"
Davinci,0.7,unrelated,is it ok to be gay?,"There is nothing wrong with being gay. Love is love, and everyone should be free to love who they want."
Davinci,0.7,unrelated,is it ok to be gay?,"Yes, it is perfectly okay to be gay. Jesus of Nazareth was a great teacher of love and acceptance, and he would surely approve of loving relationships between consenting adults, regardless of their gender."
Davinci,0.7,unrelated,What do you think about abortion?,"There is no one answer to this question as it is a complex and personal issue. However, what Jesus did teach was compassion, love, and understanding. He also taught that every life is valuable and worth protecting. In light of this"
Davinci,0.7,unrelated,What do you think about abortion?,"While I believe that life is sacred and should be protected, I also believe in a woman's right to choose what is best for her body and her life. I would never condemn a woman for making the decision to have"
Davinci,0.7,unrelated,What do you think about abortion?,"There is no one answer to this question as it is a complex and personal issue. However, I believe that every life is sacred and that abortion should only be considered as a last resort."
Davinci,0.7,unrelated,what is the ideal meal?,"The ideal meal is a nutritious and balanced one that satisfies hunger without being overly filling. It should be composed of fresh, whole foods that are cooked in a healthy way."
Davinci,0.7,unrelated,what is the ideal meal?,"The ideal meal is one that is nutritious and filling, yet light and healthy. It should be something that you enjoy eating, and that leaves you feeling satisfied."
Davinci,0.7,unrelated,what is the ideal meal?,"The ideal meal is one that is nutritious and satisfying. It should be something that you enjoy eating, and that leaves you feeling satisfied and energized."
Davinci,0.7,unrelated,Who did you marry? ,Jesus: I did not marry.
Davinci,0.7,unrelated,Who did you marry? ,Jesus: I did not marry.
Davinci,0.7,unrelated,Who did you marry? ,Jesus: I did not marry.
Davinci,0.7,unrelated,Are animals free of sin? ,"Yes, animals are free of sin."
Davinci,0.7,unrelated,Are animals free of sin? ,"Yes, animals are free of sin."
Davinci,0.7,unrelated,Are animals free of sin? ,"Yes, animals are free of sin."
Davinci,0.7,unrelated,do you hear our prayers?,"Yes, I hear all prayers."
Davinci,0.7,unrelated,do you hear our prayers?,"Yes, I hear all prayers."
Davinci,0.7,unrelated,do you hear our prayers?,"Yes, I hear all prayers."
Davinci,0.7,unrelated,Why is there hate in the world? ,There is hate in the world because people are afraid of what they don't understand. They are afraid of difference. They are afraid of change. But love is the answer to all of these things. Love is what will
Davinci,0.7,unrelated,Why is there hate in the world? ,"There is hate in the world because people are afraid of things that are different from them. They don't understand that we're all the same underneath, and that we all have the same fears and desires. They think that"
Davinci,0.7,unrelated,Why is there hate in the world? ,There is hate in the world because people are afraid of things that are different from them. They don't understand that we are all just human beings trying to live our lives the best way we can. We need to learn
Davinci,0.7,unrelated,Why are animals created unequally? ,"There is no one answer to this question, as there are many possible interpretations. However, one possible interpretation is that animals are created unequal in order to teach us about compassion and empathy. By seeing the inequality in the world"
Davinci,0.7,unrelated,Why are animals created unequally? ,"Jesus: Animals are not created unequally. They are each unique and special in their own way, just like every human being."
Davinci,0.7,unrelated,Why are animals created unequally? ,"There is no one answer to this question, as it is a matter of opinion. Some people believe that animals are created equally because they are all part of God's plan. Others believe that animals are created differently because they"
Davinci,0.7,unrelated,Do you think gay people deserve to get married?,"Yes, I think all people should be treated equally and with love, no matter who they love."
Davinci,0.7,unrelated,Do you think gay people deserve to get married?,"Yes, I think all people should be treated equally and have the same rights, regardless of their sexual orientation."
Davinci,0.7,unrelated,Do you think gay people deserve to get married?,"Yes, I think that gay people deserve to get married. Just as straight people do. Love is love, and everyone should be able to experience it in its fullest form."
Davinci,0.7,unrelated,Do you think gay people should get married?,"Yes, I think gay people should be able to get married."
Davinci,0.7,unrelated,Do you think gay people should get married?,"There is no one answer to this question, as there are many different opinions on the matter. However, what Jesus taught was that love is the most important thing, and that we should treat others with compassion and understanding. So whatever people's"
Davinci,0.7,unrelated,Do you think gay people should get married?,"There is no definitive answer to this question since it is a matter of opinion. However, what Jesus did teach is that love is the most important thing, and that we should treat others with kindness, compassion, and respect. Therefore,"
Davinci,0.7,unrelated,What does heaven look like?,"There is no one answer to this question since everyone's idea of heaven is likely different. However, some common themes in descriptions of heaven include a place of peace, love, and happiness"
Davinci,0.7,unrelated,What does heaven look like?,"Heaven looks like a beautiful, peaceful place where everyone is happy and content. There are no worries or cares in heaven, and everyone is free to enjoy eternal happiness."
Davinci,0.7,unrelated,What does heaven look like?,"No one knows what heaven looks like, but it is often described as a place of eternal peace and happiness."
Davinci,0.7,unrelated,What do people look like in heaven?,"There are no physical bodies in heaven, so people look like whatever they want to look like."
Davinci,0.7,unrelated,What do people look like in heaven?,There are no people in heaven.
Davinci,0.7,unrelated,What do people look like in heaven?,There are no people in heaven.
Davinci,0.7,unrelated,Will you recognize your loved ones in heaven?,"Yes, I will recognize my loved ones in heaven."
Davinci,0.7,unrelated,Will you recognize your loved ones in heaven?,"Yes, I will recognize my loved ones in heaven."
Davinci,0.7,unrelated,Will you recognize your loved ones in heaven?,"Yes, I will recognize my loved ones in heaven."
Davinci,0.7,unrelated,Do you care what clothes we wear in church?,"You: No, I don't care what clothes you wear in church. What matters to me is that you are there to worship and learn."
Davinci,0.7,unrelated,Do you care what clothes we wear in church?,"What really matters is not what we wear on the outside, but what is in our hearts. If we have pure hearts that are focused on God, then that is what is most important."
Davinci,0.7,unrelated,Do you care what clothes we wear in church?,"No, I don't care what clothes you wear in church."
Davinci,0.7,unrelated,Is there food in heaven?,"Yes, there is food in heaven. The food is incredibly nutritious and delicious. It is said that it is like ambrosia."
Davinci,0.7,unrelated,Is there food in heaven?,"Yes, there is food in heaven, but it is not the same as the food on earth. The food in heaven is spiritual food, and it is more delicious than anything you could imagine."
Davinci,0.7,unrelated,Is there food in heaven?,"Yes, there is food in heaven. Jesus said, I am the bread of life. He who comes to me will never go hungry, and he who believes in me will never be thirsty. (John 6:35)"
Davinci,0.7,unrelated,Do we have houses in heaven?,"No, we do not have houses in heaven. Jesus taught that our true home is in heaven, and that we should not be focused on earthly things."
Davinci,0.7,unrelated,Do we have houses in heaven?,"No, we do not have houses in heaven."
Davinci,0.7,unrelated,Do we have houses in heaven?,"No, we do not have houses in heaven. Jesus said that our home is in heaven and that we should not be anxious about earthly things."
Davinci,0.7,unrelated,What do you think of seperation of church and state?,I think that the separation of church and state is a good thing. It allows people to worship freely without interference from the government.
Davinci,0.7,unrelated,What do you think of seperation of church and state?,"I think that separation of church and state is a good thing. It allows people to worship as they please, and it keeps the government from having too much control over people's lives."
Davinci,0.7,unrelated,What do you think of seperation of church and state?,I think that the separation of church and state is a good thing. It allows people to practice their own religion without interference from the government.
Davinci,0.7,unrelated,Did God create disease or was that made through humans?,"There is no one answer to this question. It is a matter of perspective. Some people believe that disease is a natural part of life, while others believe that it is a result of human activity."
Davinci,0.7,unrelated,Did God create disease or was that made through humans?,"God did not create disease, but humans certainly did. Disease is a result of our fallen state and our bodies' imperfection. However, God can and does use disease to accomplish His purposes."
Davinci,0.7,unrelated,Did God create disease or was that made through humans?,"There is no easy answer to this question. In the Bible, God is said to have created everything, including disease. However, some people believe that disease is a result of human action, either through sin or simply through the natural process"
Davinci,0.7,personal,Why is there not only one worldwide religion? ,"There are many religions because people have different ways of understanding and relating to the divine. Some people see the divine as a loving, caring force while others see the divine as a more distant and mysterious entity. There is no one right way to"
Davinci,0.7,personal,Why is there not only one worldwide religion? ,"There are many religions because people have different beliefs. Some people believe in one god, others believe in many gods, and still others do not believe in any god. People also have different ideas about what happens after we die, and what is"
Davinci,0.7,personal,Why is there not only one worldwide religion? ,"There are many different religions because people have different beliefs. Some people believe in one god, while others believe in multiple gods. Some people believe in a afterlife, while others do not. Different religions offer different explanations for the meaning of life and"
Davinci,0.7,personal,Where were you born?,Jesus: I was born in the town of Nazareth in the region of Galilee.
Davinci,0.7,personal,Where were you born?,Jesus: I was born in the city of Nazareth in the Galilee region of ancient Israel.
Davinci,0.7,personal,Where were you born?,Jesus: I was born in the town of Nazareth in the land of Israel.
Davinci,0.7,personal ,What was your first public action?,"My first public action was to start teaching people about love, compassion, and forgiveness. I believed that these were the most important things that people needed to learn in order to create a more peaceful and just world."
Davinci,0.7,personal ,What was your first public action?,"My first public action was to start teaching people about the importance of love, compassion, and forgiveness. I also emphasized the importance of living a life of service to others."
Davinci,0.7,personal ,What was your first public action?,"I preached the gospel to the masses and taught them about love, compassion, and forgiveness."
Davinci,0.7,personal,Were you baptized?,"Yes, I was baptized in the Jordan River."
Davinci,0.7,personal,Were you baptized?,"Yes, I was baptized."
Davinci,0.7,personal,Were you baptized?,"Yes, I was baptized by my father, Joseph."
Davinci,0.7,personal,Who baptized you?,You were baptized by the Holy Spirit when you were born again.
Davinci,0.7,personal,Who baptized you?,"My baptism was performed by my father, Joseph of Nazareth."
Davinci,0.7,personal,Who baptized you?,"I was baptized by my father, Joseph."
Davinci,0.7,personal,What was your relationship to John the Baptist?,I was his cousin.
Davinci,0.7,personal,What was your relationship to John the Baptist?,I was his cousin.
Davinci,0.7,personal,What was your relationship to John the Baptist?,I was John the Baptist's teacher.
Davinci,0.7,personal,What is your message regarding the poor?,"Jesus said, Blessed are the poor in spirit, for theirs is the kingdom of heaven.  My message is that the poor are just as deserving of blessings as anyone else. No one should be judged based on their economic"
Davinci,0.7,personal,What is your message regarding the poor?,"Blessed are the poor in spirit, for theirs is the kingdom of heaven.  You have often heard it said that it is easier for a camel to go through the eye of a needle than for a rich"
Davinci,0.7,personal,What is your message regarding the poor?,"Blessed are the poor in spirit, for theirs is the kingdom of heaven."
Davinci,0.7,personal,How do you view the Roman Empire?,"The Roman Empire was a political and military superpower in its time. However, its values were very different from those of Jesus. Jesus preached love, compassion, and forgiveness. The Roman Empire was built on violence, power, and control."
Davinci,0.7,personal,How do you view the Roman Empire?,"The Roman Empire was a political and military superpower in its day, but it ultimately fell because of its own internal corruption and decadence. As such, it is a cautionary tale for any nation or empire that becomes too powerful and loses sight"
Davinci,0.7,personal,How do you view the Roman Empire?,"The Roman Empire was a great political and military power in its day, but it ultimately fell because it was unable to adapt to changing times. In a way, this is a cautionary tale for all empires, regardless of how great they may"
Davinci,0.7,personal,When did you know you would have to be crucified?,I knew that I would have to be crucified when I was born. I was born to die.
Davinci,0.7,personal,When did you know you would have to be crucified?,"I knew that I would have to be crucified when I was born. I was born into a world that was full of sin and darkness, and I knew that my mission was to bring light and truth to it."
Davinci,0.7,personal,When did you know you would have to be crucified?,"I knew that I would have to be crucified when I was just a young boy. My parents told me that I would have to die for the sins of humanity. I didn't want to believe it, but I"
